danceability,energy,key,loudness,mode,speechiness,acousticness,instrumentalness,liveness,valence,tempo,type,spotify_id,duration_ms,time_signature
0.613,0.953,2,-3.435,1,0.0855,0.00148,0.000582,0.152,0.537,105.046,audio_features,305WCRhhS10XUcH6AEwZk6,213800,4
0.504,0.754,7,-4.943,1,0.031,0.00839,0,0.0964,0.497,108.184,audio_features,5p53PF8DpDlAe7I9zXwirD,226627,4
0.336,0.815,9,-3.138,1,0.05,0.156,0.000304,0.701,0.31,82.079,audio_features,1B0l38spcI4BXkGJkq8ksb,559200,4
0.721,0.794,4,-6.134,1,0.132,0.0195,0.00013,0.283,0.562,103.211,audio_features,6A4Kuy7JL0Znab3Skgloiv,228493,4
0.827,0.518,7,-10.018,0,0.046,0.0793,0.331,0.101,0.909,122.477,audio_features,1Y4czhrqEKRWp9ruH9GNAm,216667,4
0.495,0.728,2,-9.549,1,0.0385,0.011,0.00353,0.151,0.218,125.81,audio_features,4qgZs0RNjdzKAS22lP0QjY,337506,4
0.316,0.769,0,-5.283,0,0.0422,0.0142,0,0.0928,0.127,122.507,audio_features,27IZXTdeGYjU6m5lTyDpmr,321147,4
0.399,0.645,1,-5.356,1,0.0271,0.112,0.000551,0.255,0.384,82.795,audio_features,5Jno63iv0mzu5OZ28asYbE,355798,4
0.785,0.912,4,-3.462,1,0.0693,0.135,0,0.441,0.972,143.002,audio_features,4rMp5DlLDtZYwBvsT8XUGz,120275,4
0.644,0.451,4,-12.758,1,0.0273,0.255,0.000278,0.11,0.443,149.381,audio_features,4oxqiNsFxFEJzUf8P5nJmc,215787,4
0.636,0.741,5,-6.666,1,0.152,0.804,0,0.108,0.921,125.068,audio_features,0QLpZHLY9rGbzyrWPqWwhX,165999,4
0.385,0.306,3,-12.167,1,0.0297,0.452,7.43E-06,0.128,0.546,173.377,audio_features,7cyOTirNS1rXygPulz9WR3,173813,3
0.582,0.154,11,-10.698,1,0.028,0.92,0.000798,0.103,0.436,84.225,audio_features,4ySE7RwpQaDMIizneAjaGJ,148893,4
0.71,0.491,2,-7.382,1,0.0504,0.219,1.99E-06,0.0859,0.638,109.933,audio_features,2CzWeyC9zlDpIOZPUUKrBW,183667,4
0.708,0.663,7,-12.344,1,0.0327,0.0485,0.000441,0.0725,0.88,103.466,audio_features,5dmlMfZajWNbUskAg9CN3V,195467,4
0.547,0.691,4,-13.553,0,0.0369,0.015,0.105,0.144,0.667,137.148,audio_features,4KfSdst7rW39C0sfhArdrz,261933,4
0.385,0.2,5,-9.196,1,0.0294,0.661,0,0.103,0.14,102.756,audio_features,2eB0phjxsbsRapssYY9fJc,224907,4
0.877,0.259,5,-9.302,1,0.0427,0.771,8.98E-06,0.108,0.32,119.989,audio_features,43ddJFnP8m3PzNJXiHuiyJ,135387,4
0.474,0.255,6,-11.976,1,0.0349,0.932,3.04E-05,0.0996,0.15,104.175,audio_features,7ElxEj7qwmhIQ404xXJQ1T,164440,4
0.659,0.315,8,-8.998,1,0.0355,0.67,0.81,0.124,0.0935,85.043,audio_features,6dYKdMfTAaLrrZ3TPIJrqT,212893,4
0.651,0.816,5,-7.149,1,0.0507,0.0439,0.186,0.065,0.201,174.978,audio_features,27LyQFdQbui4TnRs05cZ8C,266507,4
0.686,0.95,2,-5.134,1,0.0439,0.000917,0,0.136,0.769,129.982,audio_features,1fC0ePLzahIVzkA6wUMBrC,208467,4
0.622,0.843,0,-5.197,1,0.0279,9.45E-05,0.0143,0.137,0.723,132.966,audio_features,5GCrohHtJUP5sRGPCc3e0F,268293,4
0.664,0.194,2,-16.589,1,0.0472,0.881,2.80E-06,0.103,0.372,116.143,audio_features,3dkCt4XOWjiTz3Bp2B5xRJ,99067,3
0.371,0.332,2,-8.212,1,0.0318,0.865,0.322,0.0966,0.237,122.76,audio_features,57gVQIxPQbA4md59d4FqEU,222520,5
0.593,0.549,0,-6.394,1,0.0329,0.151,0.000393,0.43,0.396,147.554,audio_features,3qCHUm73I3o5F1mDEfibzo,178840,4
0.456,0.977,7,-4.603,1,0.0786,0.126,0.541,0.128,0.577,96.307,audio_features,32VPND9HN4aQXhGxqPPQQx,444173,4
0.393,0.897,10,-4.474,1,0.0335,0.00178,0,0.102,0.714,157.912,audio_features,1jE2cqT0pVXaJZaQm7LSED,208253,4
0.535,0.842,7,-6.735,1,0.0279,0.0166,0.677,0.178,0.895,122.684,audio_features,0SMkzFGJOBFDI9KfYD55L0,162122,4
0.544,0.192,11,-14.586,1,0.0307,0.862,0.00017,0.114,0.297,95.683,audio_features,73fPLLzWR7u28yITfxP6D2,182280,4
0.584,0.737,11,-5.376,1,0.0281,0.168,1.02E-06,0.266,0.848,132.1,audio_features,6NXwEqaN3OfFkh8nqis7bq,180267,4
0.704,0.907,1,-6.408,0,0.0373,0.11,0.00982,0.334,0.712,95.023,audio_features,4tdGyzQ3WqygwxOEpbQ8eo,229113,4
0.778,0.575,1,-8.913,0,0.029,0.146,5.10E-05,0.708,0.642,102.007,audio_features,3CFB9s2w9AHCL2wyVvJZfX,279187,4
0.373,0.869,4,-7.719,1,0.0554,0.164,7.76E-06,0.605,0.696,184.024,audio_features,6N0AnkdDFZUetw8KAGHV7e,221400,4
0.686,0.649,7,-12.935,1,0.0642,0.00623,0.0625,0.0592,0.76,109.984,audio_features,6J8IwGX3oHi7x9B57vmMMW,164533,4
0.638,0.452,9,-9.616,1,0.0297,0.608,0.0577,0.112,0.341,100.105,audio_features,6z2qa2dnJDXgVTngG4gFu7,152947,4
0.524,0.752,0,-9.341,1,0.036,0.00288,0.000182,0.132,0.685,134.11,audio_features,4rwX1khm2AMKjMxQW28pPt,211653,4
0.579,0.554,0,-7.08,1,0.0587,0.0175,0.0221,0.101,0.838,185.183,audio_features,4mdyVTV7Tr5YDFnD2kvSM4,241467,4
0.747,0.792,11,-12.483,1,0.0986,0.372,0.000146,0.212,0.971,76.896,audio_features,6JgiJMhxI1DAsFOL5jHiIN,149839,4
0.768,0.669,9,-3.84,0,0.046,0.0184,0.0331,0.0838,0.569,84.994,audio_features,4Nrg8EG7wWTiTOumtpw8gk,257093,4
0.442,0.951,11,-5.27,1,0.11,0.00648,1.12E-06,0.0887,0.158,154.004,audio_features,42GP0xKtkolBnmqQRvSllO,374973,4
0.485,0.619,5,-7.115,0,0.0289,0.0941,3.31E-06,0.109,0.416,138.017,audio_features,1mea3bSkSGXuIRvnydlB5b,242373,4
0.464,0.579,5,-9.136,1,0.0596,0.281,0.827,0.0992,0.14,171.752,audio_features,0gYrCS1xKsQlMY38hbpxb7,329733,4
0.812,0.516,9,-6.963,1,0.224,0.000369,1.09E-05,0.0991,0.633,127.498,audio_features,0LSLM0zuWRkEYemF7JcfEE,284280,4
0.562,0.402,5,-11.014,1,0.0348,0.177,0.00157,0.246,0.558,188.952,audio_features,1XEniZWDwqkJVSt7DJpbkR,154840,3
0.771,0.491,5,-7.739,1,0.0339,0.039,4.62E-06,0.2,0.732,125.065,audio_features,7gj4q3ENYSuqI5J1k71NZv,147267,4
0.497,0.91,3,-6.918,1,0.0699,0.00913,0.00358,0.689,0.397,140.393,audio_features,2TM3jEaMr9cuLuoGbsYFfX,222413,4
0.891,0.559,4,-8.375,0,0.194,0.00885,0.0372,0.0536,0.468,126.012,audio_features,2G4k9wS5mFHeqzwuyDTVlw,232507,4
0.542,0.82,3,-10.982,1,0.0512,0.198,0.00172,0.0497,0.762,116.666,audio_features,3bkcq1VrFlcoqa04VBs4J8,214047,4
0.574,0.338,6,-11.376,1,0.042,0.845,0,0.165,0.493,67.008,audio_features,4hHbeIIKO5Y5uLyIEbY9Gn,199093,4
0.723,0.864,11,-5.209,0,0.174,0.00822,1.90E-05,0.0943,0.683,128.398,audio_features,1VO3bxSqFvUdMVr3IFwAwT,223027,4
0.459,0.727,0,-11.777,1,0.0303,0.00614,0.065,0.384,0.954,149.229,audio_features,6s0NHplywwr1IjnQpUpWJk,292173,1
0.296,0.432,5,-8.677,1,0.0316,0.00059,0.899,0.237,0.216,88.13,audio_features,1tMHDdJEz8MFrkPFgwFACG,200667,4
0.683,0.772,7,-7.907,0,0.0311,0.0222,0.0149,0.203,0.737,123.871,audio_features,2ahnofp2LbBWDXcJbMaSTu,270373,4
0.69,0.801,7,-5.944,0,0.0327,0.0207,0.00399,0.277,0.726,123.864,audio_features,4v6jydWBTAIqnyPVNyOAdc,269373,4
0.446,0.882,7,-6.413,1,0.0384,0.00125,0.368,0.114,0.281,139.99,audio_features,7CCVEEsrswFR9bVGXDrFCb,230467,4
0.572,0.836,11,-3.159,1,0.0867,0.0247,0.000221,0.159,0.726,127.667,audio_features,6Xprc4GuCejWA3BjU5knyw,226520,4
0.742,0.24,5,-9.587,1,0.0699,0.944,0,0.107,0.464,122.034,audio_features,7iHNTbx0tcQuR7YtHTgztV,233627,4
0.54,0.434,4,-16.707,0,0.0476,0.0317,0.0145,0.921,0.929,163.124,audio_features,2BlaUfBTbWG50DoZHBD1uV,185493,4
0.741,0.828,0,-5.048,1,0.0441,0.012,0.000675,0.1,0.235,116.01,audio_features,1qE7wViqFLNOtblqSGJNtu,173007,4
0.528,0.797,9,-5.387,1,0.044,0.0792,0,0.327,0.877,160.848,audio_features,3Fc5OiXuy3pgmLLdoDQqjX,179427,4
0.486,0.447,9,-13.711,1,0.055,0.769,0,0.0851,0.896,184.2,audio_features,5w1cpYbLfSVqT2bCUA1URF,173253,4
0.491,0.601,0,-6.558,1,0.0351,0.143,3.21E-05,0.103,0.231,152.103,audio_features,07BC60mJ4D4qA1tcCaxIW6,199627,4
0.533,0.739,5,-3.573,0,0.0602,0.029,0,0.266,0.617,81.37,audio_features,50M2QjfSM82wkJ1d0iV4mh,234307,4
0.508,0.823,8,-8.35,0,0.0644,0.627,7.10E-06,0.39,0.638,94.533,audio_features,0OwvrdjaJOypNsNQHyBWE5,177227,4
0.616,0.636,7,-9.596,1,0.0375,0.123,5.69E-05,0.982,0.362,84.488,audio_features,2tcJnGWLIVnbUL7tECCA4D,193640,4
0.27,0.783,7,-7.66,1,0.0491,0.435,0,0.25,0.709,168.579,audio_features,1lwEigmglA8CbZj1Aum1ke,291560,4
0.286,0.415,10,-9.392,1,0.0312,0.721,0.0147,0.102,0.281,117.61,audio_features,0JEFDatSEBS3h4JhpKEqg0,247680,3
0.734,0.523,10,-9.005,1,0.0684,8.00E-04,0.000247,0.0938,0.155,150.247,audio_features,00LbJKCLDJkZQ1cEL8ENEO,185413,3
0.409,0.954,1,-4.817,0,0.084,0.0155,0.00245,0.288,0.864,135.048,audio_features,3Mme9sStsUaiAhelLaBV5j,211435,4
0.615,0.752,4,-2.364,0,0.366,0.0916,0,0.0952,0.563,154.951,audio_features,1fJ5LFGfBNqjnyFtuGjhWI,261588,4
0.315,0.448,0,-10.63,1,0.0263,0.748,0.0137,0.126,0.376,169.553,audio_features,7xGKXJlsK2aOUTUihPcDUi,284467,4
0.434,0.397,3,-11.687,1,0.0395,0.41,8.53E-05,0.108,0.483,119.892,audio_features,2abL57Z15fQWEhCn7Cdj10,217385,4
0.537,0.444,2,-11.66,1,0.0233,0.582,0.493,0.149,0.403,74.405,audio_features,4MiX7j4kYbWZlGOimqFvtE,255827,4
0.596,0.712,0,-8.746,1,0.0386,0.0409,0.904,0.118,0.534,120.079,audio_features,49L5s7lTES5EVnyGO09H0S,177893,4
0.582,0.952,5,-3.848,1,0.0731,0.00324,0,0.223,0.655,103.027,audio_features,2Fs18NaCDuluPG1DHGw1XG,276320,4
0.472,0.958,7,-2.638,0,0.15,0.00174,0.125,0.119,0.583,183.918,audio_features,0pqIlNC6QUzFUbzOhgxlbZ,217200,4
0.676,0.671,2,-7.636,1,0.027,0.69,0.183,0.138,0.549,121.008,audio_features,4cFMT3DwTYChrjBT71hqGy,215560,4
0.542,0.625,0,-7.366,1,0.0329,0.0429,0.775,0.112,0.204,120.064,audio_features,2Bo0hh0yoQReC4reJav5DT,272067,4
0.513,0.593,9,-4.74,1,0.0682,0.0015,0,0.0926,0.728,96.67,audio_features,1IZvIC5iRUxjJtYKpzSfnv,197240,4
0.827,0.952,0,-7.453,1,0.0314,0.172,0.00043,0.228,0.971,121.192,audio_features,5HOQNAXcPSwV7Gt8AV8qiP,159267,4
0.75,0.732,2,-3.6,1,0.0627,0.0263,0.0202,0.0404,0.905,119.984,audio_features,0nFCmqrXrDszfq11RfleO0,231427,4
0.391,0.831,2,-3.892,1,0.0613,0.000153,0.00192,0.141,0.683,139.946,audio_features,57ZXcBtCZXSg9TVV5xRdnR,194520,4
0.392,0.981,1,-4.564,0,0.0799,2.90E-05,0.0422,0.174,0.335,160.047,audio_features,6BnioVUjZdsTeYliZcnNW8,232014,4
0.745,0.919,6,-7.996,1,0.0616,0.00481,0.79,0.0452,0.743,132.596,audio_features,1iOHLlEsMbgJfYBFWy4TjG,185043,4
0.496,0.675,0,-6.155,1,0.028,0.00468,1.16E-05,0.114,0.493,153.988,audio_features,37K07PsEPk3SuYpAvjTbJO,228627,4
0.946,0.289,11,-9.413,1,0.0584,0.152,2.00E-05,0.234,0.816,102.073,audio_features,4KqBoq7MoDJeVsvUHTjXCM,129627,4
0.508,0.194,7,-15.561,0,0.0325,0.948,0.122,0.116,0.177,108.825,audio_features,6KEHFUrIiZ6ZGInejwAWbF,199627,4
0.768,0.466,0,-8.694,1,0.0777,0.848,0.000149,0.103,0.339,127.299,audio_features,6HEcgkN5bJ0UmYnZShI6AT,74653,4
0.557,0.139,6,-13.519,1,0.0384,0.915,0.0267,0.113,0.423,143.88,audio_features,6aM93yziLBHnqnQgAFaQ7m,152667,4
0.488,0.493,2,-9.878,1,0.0464,0.255,0.000181,0.102,0.389,135.093,audio_features,4yWl0tnEanf3zmZzl9kbQn,296133,4
0.38,0.246,7,-13.955,0,0.0329,0.872,0.905,0.084,0.0573,133.805,audio_features,62Da3JOu9H9EIgmqV7DoLG,234400,4
0.668,0.598,6,-7.11,1,0.0326,0.311,0.563,0.0858,0.793,74.995,audio_features,4FxgmLJuES06PnUiO1DpQz,185920,4
0.452,0.928,2,-3.133,1,0.079,0.000706,0.000637,0.226,0.6,129.188,audio_features,7rSERmjAT38lC5QhJ8hnQc,153600,4
0.666,0.785,4,-5.37,0,0.0308,0.0981,0.0198,0.434,0.549,122.973,audio_features,57RHMnLMQx8Qz5V6c0E8dF,267355,4
0.686,0.806,1,-4.569,0,0.0398,0.1,0,0.152,0.647,118.019,audio_features,4OUG5odfNDJVQl0AgGrBWr,155524,4
0.589,0.369,5,-8.678,0,0.0321,0.855,0,0.352,0.529,132.953,audio_features,0shGCs5AkhwJIgUb0SSz2B,201200,4
0.679,0.909,2,-4.129,0,0.0297,0.00915,3.27E-05,0.139,0.899,104.781,audio_features,37CBHPCzV1rizPrxRUyR72,220453,4
0.477,0.342,7,-15.321,1,0.0725,0.831,0.0405,0.191,0.905,151.335,audio_features,0feqkkD0tgAZddC0uB3uwU,224507,4
0.619,0.392,5,-7.341,1,0.0258,0.849,0,0.112,0.561,105.012,audio_features,6OlsTT1U5dr1qWj6teZVcK,169833,4
0.854,0.71,4,-6.32,0,0.0793,0.0113,8.72E-05,0.166,0.818,106.894,audio_features,3TZwjdclvWt7iPJUnMpgcs,214947,4
0.731,0.738,9,-8.125,0,0.0377,0.184,0,0.214,0.958,117.656,audio_features,3L7RtEcu1Hw3OXrpnthngx,236920,4
0.62,0.625,1,-6.504,1,0.0401,0.406,0.00026,0.126,0.45,83.996,audio_features,2meMd8uHw5bELbDrERt0B1,193760,4
0.878,0.446,11,-6.362,0,0.0635,0.503,6.32E-06,0.117,0.805,138.035,audio_features,5FEXPoPnzueFJQCPRIrC3c,221267,4
0.707,0.749,7,-7.17,1,0.0293,0.0248,0.00853,0.0841,0.962,128.022,audio_features,6Hg6s1Pc7EE77mR0qUlJL9,184027,4
0.489,0.561,4,-7.933,1,0.0274,0.2,4.56E-05,0.179,0.238,83.457,audio_features,1KHdq8NK9QxnGjdXb55NiG,244987,3
0.681,0.415,1,-6.813,1,0.0305,0.653,0,0.0868,0.562,112.06,audio_features,6DG0hCt2nN9wEbmO4OkiFX,170533,4
0.645,0.89,2,-3.125,1,0.16,0.0229,5.23E-06,0.0458,0.605,168.989,audio_features,5hBeax0At5KAHY2XjVRvxX,195960,4
0.836,0.678,0,-5.267,1,0.133,0.116,6.28E-06,0.0732,0.58,97.048,audio_features,62kmtGz1uTN4dGlILMfLP2,199107,4
0.76,0.714,0,-7.134,1,0.0274,0.175,0,0.0778,0.774,110.007,audio_features,3CeGVMZcCWSSCdOfcaHJnd,175933,4
0.523,0.828,1,-4.696,1,0.0762,0.0136,0.000255,0.165,0.476,96.952,audio_features,1u0l8zWpQeMYStFkc2mLD7,214827,4
0.877,0.261,7,-10.027,1,0.115,0.741,0.451,0.0857,0.572,160.001,audio_features,5sCnsIYSupI3OkMn1iIm1X,250253,4
0.493,0.312,0,-13.207,1,0.0295,0.102,0.024,0.248,0.319,113.563,audio_features,31pi9vJJWHZxygk8AoGd0d,249004,4
0.501,0.968,2,-2.882,1,0.145,0.313,3.96E-06,0.183,0.706,79.464,audio_features,4f1dLuW53qR51axKC7Yeno,218293,4
0.767,0.712,1,-4.128,0,0.0324,0.0409,8.08E-05,0.132,0.804,124.091,audio_features,6A4Jc8npNo79BOgsrPptLA,237760,4
0.436,0.543,11,-13.351,0,0.0962,0.654,9.35E-06,0.0937,0.663,148.282,audio_features,5xRP5iyVdGglqlY4Vcjhkx,622000,4
0.336,0.956,11,-2.38,0,0.0889,4.13E-05,0.598,0.374,0.0375,136.909,audio_features,0IRx6YkLMVdnCHN61D0Vk0,299947,4
0.622,0.175,6,-9.866,1,0.156,0.683,0,0.109,0.376,136.365,audio_features,2Dz5WpEWA0vhnMmEPYiZ2y,146067,1
0.644,0.591,5,-10.452,0,0.103,0.0565,0,0.113,0.531,156.584,audio_features,48VaaUAkg1OFjjAmAsdK7T,213600,4
0.537,0.846,11,-6.656,0,0.0361,0.0469,0.00114,0.146,0.526,104.899,audio_features,40f4ouoD3ruT9wpjWiPsyj,225627,4
0.692,0.488,11,-7.282,0,0.104,0.688,0,0.4,0.51,81.4,audio_features,54flyrjcdnQdco7300avMJ,122067,4
0.609,0.474,9,-8.529,1,0.025,0.0897,0,0.0966,0.402,102.986,audio_features,58TtV3kSTCx95moZ0TUD49,194305,4
0.834,0.496,0,-13.653,1,0.0597,0.501,3.07E-06,0.0449,0.944,138.791,audio_features,5IMtdHjJ1OtkxbGe4zfUxQ,276493,4
0.5,0.681,0,-9.556,1,0.0672,0.114,4.01E-05,0.139,0.745,119.46,audio_features,6hs3SDnbO3f6VQuPO4KBEb,263333,4
0.645,0.77,10,-6.871,0,0.0375,0.0473,0.00345,0.108,0.67,165.033,audio_features,5LOSMBA5RjeO84E3RgG3N7,252427,4
0.5,0.59,9,-9.381,0,0.0276,0.0724,0.064,0.16,0.405,140.905,audio_features,4W62BliXdCXOSW6Ec9GWbO,214893,4
0.485,0.512,10,-8.906,1,0.0402,0.257,5.83E-05,0.0601,0.799,118.396,audio_features,5vdcnnT3cPqmQ89O1OMVv3,172453,4
0.838,0.87,0,-2.664,0,0.104,0.00629,0,0.315,0.871,113.028,audio_features,5qqE9DEoKDwdvageyhNybj,188640,4
0.519,0.825,7,-3.087,1,0.145,0.0468,0,0.0604,0.581,154.777,audio_features,3ItzRpwvKtkDSNdRSjXu7Z,215173,4
0.488,0.875,2,-6.193,1,0.0345,0.00359,0.0142,0.0935,0.971,124.208,audio_features,4Vp2mwjW2OpS286oOsyl1n,217333,4
0.572,0.91,0,-7.477,1,0.0349,0.0283,0.0544,0.422,0.719,112.017,audio_features,2CY0nznqWcBjrvo02IoTQ8,195984,4
0.727,0.727,1,-4.681,0,0.0339,0.055,0.00331,0.0855,0.647,127.056,audio_features,01r3Yf8J8xjUH8Ut9CI0e8,204413,4
0.528,0.809,0,-5.934,1,0.0294,0.0123,1.99E-06,0.0885,0.362,103.025,audio_features,2vVuKnnoYkA8HfKSK0oNbH,253947,4
0.472,0.946,2,-4.591,1,0.145,0.0372,0,0.352,0.486,177.489,audio_features,7LygtNjQ65PSdzVjUnHXQb,201027,4
0.735,0.368,2,-9.903,1,0.0598,0.665,0,0.156,0.36,78.968,audio_features,7oGGmUTUwH6EooJGeZBJdj,156773,4
0.636,0.853,2,-7.893,1,0.0259,0.000631,0.0839,0.105,0.63,130.02,audio_features,01jcKMVtMzds4Tc9hA7mZ6,150417,4
0.527,0.577,2,-6.542,1,0.0501,0.47,0,0.096,0.674,206.213,audio_features,2sUyLVp9ICIMSeDkVcjkr4,149960,4
0.847,0.684,10,-12.048,0,0.248,0.0403,0,0.0781,0.688,101.277,audio_features,4k9EkhkFZY8Bk41Qi0Ob7P,243200,4
0.674,0.789,8,-6.903,1,0.0676,0.00178,0.0071,0.0754,0.918,129.804,audio_features,1FTSo4v6BOZH9QxKc3MbVM,121160,4
0.598,0.84,2,-6.005,1,0.159,0.00573,0,0.132,0.598,89.937,audio_features,073noMfO0WT3AHt4jpRsT7,176672,4
0.695,0.323,6,-8.902,1,0.0263,0.747,7.78E-05,0.115,0.378,91.545,audio_features,7rBaC8aIHFAEf1f4JeLpxa,177267,4
0.544,0.92,5,-1.474,0,0.277,0.244,0,0.19,0.519,105.307,audio_features,6HSqyfGnsHYw9MmIpa9zlZ,357347,5
0.481,0.733,5,-7.633,1,0.165,0.575,1.18E-05,0.108,0.874,122.909,audio_features,0D1pEisM3QkiacGXJe5dmd,140427,4
0.737,0.717,9,-7.204,1,0.0258,0.0926,1.26E-06,0.139,0.637,107.01,audio_features,4ipsVyCYeC95BKUYiU1ZMe,169213,4
0.696,0.58,9,-7.15,1,0.0392,0.825,0.00232,0.12,0.494,145.563,audio_features,6Zo3QapMvKMceJPHTHNs19,187053,4
0.344,0.769,5,-9.112,0,0.0606,0.261,0.000122,0.335,0.923,126.318,audio_features,46pW0poQYEb2bVaqozGO59,334387,4
0.474,0.413,9,-10.777,1,0.0286,0.257,0.132,0.0769,0.54,125.917,audio_features,4U6qcAYkqQZ6rO7ZQkNKXo,225680,3
0.0752,0.637,9,-7.469,1,0.0352,3.31E-06,0.817,0.233,0.237,80.06,audio_features,7LLQxMvAYOpoC2PKe3VQn5,39920,3
0.681,0.561,0,-6.11,1,0.0266,0.175,0,0.144,0.786,140.028,audio_features,5Rx4w5dCauKr3KEFl78xy2,131972,4
0.324,0.897,5,-2.884,0,0.0687,0.0323,0,0.0771,0.517,185.919,audio_features,2JhoY1vh6QQkP8A2GMeX6D,221564,4
0.695,0.544,8,-6.794,0,0.0766,0.767,0.0194,0.0963,0.629,82.176,audio_features,3fLsheDFrLBPTUmSKTAD84,159547,4
0.531,0.876,8,-8.12,1,0.155,0.681,5.49E-06,0.297,0.523,127.129,audio_features,7xD7MvjAdZkx1YICschIuI,227467,4
0.655,0.688,11,-7.52,1,0.0268,0.46,0.00323,0.0997,0.908,149.905,audio_features,7ynDAJ00ultbg8rSLOUpkN,193404,4
0.4,0.267,10,-12.488,1,0.0323,0.744,0.00734,0.103,0.0872,144.799,audio_features,4TOMI010Sd4ZAX4aZ5TS85,225000,3
0.835,0.793,11,-10.084,0,0.0698,0.172,0.809,0.108,0.325,122.011,audio_features,5Tyi10wvVbd3pu65GCHD8y,461399,4
0.62,0.63,6,-10.04,1,0.0269,0.82,0.692,0.099,0.495,138.496,audio_features,3jFTSi4nm1Gosfqh7gvSPd,211952,4
0.764,0.674,0,-5.682,1,0.0344,0.313,0,0.129,0.742,107.94,audio_features,3mDvi0k4LuCA7ViLf3Qb3O,170040,4
0.564,0.992,1,-1.735,1,0.26,0.00188,0,0.0423,0.358,130.082,audio_features,4NXRIJkvnBVOqdTQeUOX6W,183493,4
0.657,0.161,0,-19.092,1,0.0483,0.873,0.131,0.117,0.415,109.002,audio_features,6d01Jkzt0zYiQINWJJFCaf,149960,4
0.459,0.0698,6,-16.827,1,0.035,0.991,0.103,0.109,0.232,105.202,audio_features,1GIPP103zfsythULEpsmdw,187373,4
0.853,0.42,9,-11.664,1,0.0333,0.796,0,0.101,0.889,119.982,audio_features,09hBO95I4yRR4CjVwzSioL,135240,4
0.663,0.819,0,-3.929,1,0.0544,0.000967,0.0285,0.112,0.918,127.986,audio_features,1dBq8ti6zxGZkroZ133Q2W,149000,4
0.743,0.541,2,-3.249,1,0.0496,0.00243,0.000146,0.12,0.146,127.987,audio_features,3eRBHs4PaDVzSMIiSaDsV8,269213,4
0.371,0.693,9,-7.425,1,0.031,0.0163,0.000343,0.145,0.519,128.175,audio_features,4HivLKDQg6AId51WOdQmHK,236175,4
0.605,0.727,5,-4.573,1,0.121,0.0059,0.000145,0.082,0.735,107.268,audio_features,4CBptHds4wESx53EouapzX,179160,4
0.38,0.39,2,-10.429,1,0.0411,0.0589,0,0.194,0.614,75.807,audio_features,5idz1xONJoVHPmvdtQpUxA,108293,4
0.718,0.543,4,-11.238,1,0.0372,0.0606,0.0988,0.0646,0.37,115.522,audio_features,5xLfQuX5YAfog2JgPz0dpA,286107,4
0.46,0.414,3,-9.228,1,0.0607,0.77,0,0.0845,0.591,154.143,audio_features,2bPcvz0qVLImBAQQwJCEKb,194507,4
0.531,0.821,2,-6.812,1,0.0439,0.0701,0.171,0.124,0.34,129.139,audio_features,5RoIXwyTCdyUjpMMkk4uPd,230800,4
0.617,0.778,9,-8.871,0,0.027,0.459,0.925,0.128,0.152,100.363,audio_features,0DAsxISzun85PbsqAfIzeC,127920,4
0.715,0.769,2,-5.239,1,0.105,0.023,0.000726,0.127,0.891,155.828,audio_features,3ciC6GP8rOPxlkCYQIQ3jW,138293,4
0.636,0.921,0,-5.246,1,0.129,0.00682,0,0.119,0.824,94.463,audio_features,03pQRwKjI0aYQgPld94kcC,177840,4
0.773,0.706,10,-9.042,1,0.0382,0.193,0,0.572,0.966,92.462,audio_features,413T0g8pNNXYX6t5RqHvx7,230067,4
0.607,0.939,2,-4.95,1,0.0375,0.0166,0.0081,0.0941,0.764,157.957,audio_features,1jzZZsfzxsebFa6KpWXaAr,243067,4
0.274,0.429,4,-11.648,1,0.0356,0.173,0.497,0.0602,0.243,154.119,audio_features,4U801Q03vWC5wWKWvnZJOu,399267,3
0.74,0.583,5,-5.998,1,0.0393,0.194,0,0.112,0.509,93.536,audio_features,5QPGktDCNj4cQQey3CARoq,306867,4
0.631,0.651,8,-9.133,1,0.0556,0.419,0.0326,0.171,0.587,96.843,audio_features,2gLfz9pioPgva83iWv2cmU,141053,4
0.54,0.423,6,-8.799,1,0.0283,0.294,0.0884,0.152,0.353,150.135,audio_features,6emdJW80SbDBMuHci8PJJn,306040,4
0.371,0.918,9,-3.347,1,0.0624,0.000195,0.194,0.156,0.483,147.953,audio_features,131f3CTcnclfFfAgAAfrba,242785,4
0.534,0.767,2,-5.806,1,0.0874,0.45,0.0925,0.11,0.607,151.989,audio_features,0ux2EioEe5Fw07rXYRUSTz,194507,4
0.415,0.295,9,-11.539,1,0.0346,0.371,0.00545,0.111,0.305,136.046,audio_features,3fCULruC32uHpryWa2yKRI,293987,4
0.672,0.422,9,-10.23,0,0.0296,0.129,0.0039,0.108,0.0981,97.038,audio_features,5f8Cn4lVRMUL9sA8oYw3lu,239240,4
0.792,0.85,0,-3.621,1,0.0329,0.289,0.00012,0.132,0.965,129.906,audio_features,78twQ5XCFJMTE37ZSU0gsj,219920,4
0.542,0.589,2,-6.623,1,0.0318,0.292,0.000522,0.177,0.137,111.665,audio_features,7w5cxTEzp1rfV3KCy0Bd5N,303200,4
0.712,0.549,5,-9.484,1,0.0254,0.011,0,0.118,0.552,109.882,audio_features,31H6au3jhblhr6MMJiXnCq,251067,4
0.645,0.588,10,-11.583,0,0.026,0.152,0.582,0.097,0.649,104.043,audio_features,0SD67VfkveSAr2QRcDTPdr,235600,4
0.381,0.0606,11,-20.776,1,0.0401,0.971,0.00414,0.107,0.221,115.783,audio_features,0gqIpgjoiq9LmaYJZ1Un7l,165373,3
0.727,0.561,0,-8.898,1,0.0584,0.409,0.865,0.101,0.54,74.983,audio_features,51NI6kpk2e2LEOtkfiO1mx,256800,4
0.524,0.573,2,-16.607,1,0.0326,0.753,0.925,0.134,0.424,101.996,audio_features,3S0ZYbPBUIdUoNfoPV3fAc,330227,4
0.144,0.21,7,-15.425,1,0.0344,0.914,0.883,0.0694,0.084,88.771,audio_features,4O0Yww5OIWyfBvWn6xN3CM,404253,3
0.718,0.679,11,-7.743,0,0.331,0.0463,0,0.136,0.419,139.981,audio_features,3bA2mr2fSvVNvywV5MyZ1w,249627,4
0.607,0.637,0,-6.44,1,0.0456,0.273,1.95E-06,0.411,0.617,109.707,audio_features,7cdijGgzLqjsPtyl0QZ5S1,198827,4
0.737,0.358,8,-11.848,1,0.0513,0.835,0.0642,0.345,0.307,113.479,audio_features,4R8EABMkP63CvXwN1Yc5cN,120719,4
0.453,0.906,9,-4.001,1,0.115,0.361,0.000569,0.26,0.473,137.575,audio_features,2b9lp5A6CqSzwOrBfAFhof,296200,4
0.82,0.321,7,-11.79,1,0.0411,0.957,0.000717,0.129,0.842,91.061,audio_features,3OpVAjzN7iOKUMJx9sPQ9e,62208,4
0.964,0.889,11,-5.169,1,0.147,0.0591,0,0.166,0.552,121.144,audio_features,2J6QnTjHIWwXErNWyF0RUC,290280,4
0.579,0.284,2,-15.83,0,0.256,0.954,0.271,0.727,0.669,134.567,audio_features,6utoPrlDVfGmrRFXZ3kbmj,102000,4
0.549,0.721,2,-7.346,1,0.0548,0.208,2.13E-06,0.126,0.65,120.045,audio_features,50swsZLMizT5UAdM5RhAhX,227396,4
0.601,0.574,2,-8.166,1,0.03,0.579,1.14E-05,0.216,0.8,147.964,audio_features,4lJ6YVXQ0jUk5ILu0PSrA4,214080,4
0.385,0.788,9,-4.966,1,0.0451,0.0236,0,0.0879,0.711,75.876,audio_features,3VeIuYNUZPaFJGjqq9Muzy,183400,4
0.669,0.623,7,-7.647,1,0.0268,0.133,6.99E-06,0.0997,0.682,136.008,audio_features,3ExmkTE3eldMCyNq8WAUp6,220227,4
0.71,0.788,7,-6.707,1,0.038,0.0254,1.17E-05,0.353,0.653,98.965,audio_features,0LpO8H9lJ6BuIVWDGSOWfT,207987,4
0.487,0.832,7,-5.823,1,0.0339,0.00176,0.0011,0.359,0.404,134.97,audio_features,1RFGkFiaoHR006wzP2GTTq,216987,4
0.579,0.731,11,-4.16,0,0.0452,0.0137,0,0.113,0.284,126.07,audio_features,4sK96UnGx3NjBaqvfTG2dm,256560,4
0.667,0.128,3,-15.583,1,0.133,0.781,0.000321,0.0761,0.491,133.261,audio_features,3v9ZcFL0Du8RLahwusdEcn,186000,4
0.694,0.929,2,-4.137,1,0.0387,0.0297,0.567,0.125,0.828,134.306,audio_features,1KhqNu8SRm3vUD74nSYT4K,215200,4
0.57,0.654,8,-9.051,0,0.0258,0.0196,4.31E-05,0.313,0.29,101.009,audio_features,6gT0RjJso0RhZGA4Hpv9D0,251080,4
0.55,0.765,7,-8.684,1,0.0287,4.82E-06,0.873,0.132,0.417,139.453,audio_features,4vnLdmUdkOworoveEzpEST,252533,4
0.622,0.483,2,-5.947,1,0.0283,0.736,0.00117,0.107,0.0922,126.129,audio_features,6XPC7ZNTJcnWzQaLZYe3od,231322,4
0.444,0.159,10,-15.165,1,0.0346,0.968,7.83E-05,0.379,0.397,83.516,audio_features,0FIc7ziWEreQCRe5pMngFe,235259,4
0.757,0.392,8,-15.748,1,0.0894,0.896,0.961,0.116,0.881,159.95,audio_features,13JrjjPpFsDcwwbvy0PumL,254027,3
0.8,0.024,0,-20.703,0,0.0524,0.963,0.207,0.101,0.309,148.57,audio_features,421Gp1eSmOIcD6alTWowFR,505147,4
0.748,0.605,10,-7.987,1,0.0316,0.844,0.0711,0.128,0.964,120.019,audio_features,6sT8KTifge2F0lcdtyDkDa,156947,4
0.707,0.861,7,-4.225,1,0.316,0.1,0,0.191,0.795,130.021,audio_features,0obBFrPYkSoBJbvHfUIhkv,199480,4
0.469,0.627,7,-10.094,1,0.0423,0.00198,0.00285,0.189,0.395,180.028,audio_features,6o0GfWXiic0AfcSDU2aWCY,242709,4
0.734,0.835,0,-5.353,1,0.0327,0.466,0,0.0619,0.968,135.876,audio_features,0nldsuI0CElDmeG8w9YE3i,172667,4
0.565,0.877,5,-4.561,0,0.0614,0.00813,0.00251,0.26,0.389,118.484,audio_features,1z4xjDLLWJgG48Bn8OCxZv,285920,4
0.359,0.716,0,-5.593,1,0.04,0.101,0.000184,0.173,0.429,161.637,audio_features,0KhJlJ3Av90f3vLg4zBoMi,355627,4
0.653,0.677,10,-6.506,0,0.0377,0.674,0.0058,0.171,0.833,95.702,audio_features,5A6G0kAjLtYhHA0FsDm1rL,137253,4
0.665,0.892,9,-6.158,1,0.0959,0.0793,0.066,0.103,0.341,139.949,audio_features,606sRE1ZLYbrPGGU1O0eRD,191160,4
0.451,0.532,5,-8.074,0,0.0415,0.0606,0.143,0.104,0.494,76.176,audio_features,14vst2Dkr7OkYyzf1fftLu,199597,4
0.597,0.777,11,-5.078,1,0.0262,0.0753,1.21E-06,0.15,0.581,117.692,audio_features,1HOjry8kvObcLsyOVMVCml,271187,4
0.374,0.925,4,-2.413,0,0.0852,0.0695,0.456,0.262,0.525,115.657,audio_features,46XzvI0GXvRwK7LV6vdn2v,184720,4
0.69,0.583,6,-5.519,1,0.0393,0.0689,0.000122,0.241,0.573,122.197,audio_features,7pdNpBGXKj67xtkYxxtsxd,245227,4
0.539,0.831,5,-5.359,1,0.0714,0.0566,0,0.0845,0.967,185.92,audio_features,19lyyZ7ZdWCjLuIcB8syoy,244344,4
0.467,0.794,1,-6.174,0,0.0349,8.39E-05,0.00204,0.103,0.589,162.435,audio_features,44psOy0D0SP8rcIiUgKgBs,209187,4
0.733,0.252,6,-16.88,1,0.0347,0.948,0.212,0.115,0.331,112.002,audio_features,2YsQcb5qwoS2pzPqLvQqYO,144789,4
0.585,0.334,0,-10.494,1,0.0283,0.656,0.000732,0.111,0.129,110.024,audio_features,3m8mZerMdq5ZI5viPmgEa5,193987,4
0.808,0.171,10,-22.412,0,0.0485,0.928,0.712,0.113,0.481,115.704,audio_features,4npnXTH9GsoKQBdLOrf4sS,108507,4
0.642,0.397,6,-16.842,1,0.0639,0.461,0.000834,0.106,0.798,84.064,audio_features,7dL8FCLzEaWC2A3qWQuz1q,286493,4
0.778,0.585,7,-6.502,1,0.0435,0.0123,0,0.108,0.626,120.069,audio_features,3TGRqZ0a2l1LRblBkJoaDx,193400,4
0.518,0.89,10,-4.971,1,0.0506,0.148,3.22E-05,0.299,0.453,143.101,audio_features,1fuzutFc8Pm1K9x8DIQFaA,216067,4
0.737,0.481,11,-10.924,0,0.0333,0.000146,0.00315,0.0716,0.839,116.995,audio_features,4YH5BuKyfBcb60iogyATv6,199459,4
0.711,0.906,8,-2.671,1,0.0284,0.00952,1.64E-05,0.153,0.824,125.916,audio_features,6HZ9VeI5IRFCNQLXhpF4bq,157153,4
0.69,0.926,7,-4.485,1,0.21,0.0926,0,0.138,0.607,104.007,audio_features,0RtE8kS3Wq7w09DYhpDqys,243893,4
0.448,0.784,9,-3.686,1,0.0627,0.106,0.000108,0.668,0.236,136.245,audio_features,4G8gkOterJn0Ywt6uhqbhp,186813,4
0.821,0.773,4,-6.741,1,0.0464,0.13,0,0.116,0.954,133.053,audio_features,2qESkHBZ2VThboOnosYFBk,147680,4
0.59,0.695,7,-11.385,1,0.0343,0.202,0,0.0824,0.504,93.534,audio_features,0DbcdVCzmY1IjilPTPaSOe,286267,4
0.767,0.644,1,-4.895,1,0.0684,0.0106,0,0.102,0.493,100.994,audio_features,5E9FEtlUIUrqg5FaCFAjYJ,161746,4
0.7,0.696,8,-2.923,1,0.0766,0.00097,3.00E-06,0.096,0.565,132.973,audio_features,3OwQpLxRnNRt30WgEWrwno,215640,4
0.6,0.79,1,-4.927,1,0.122,0.595,0.000467,0.629,0.423,99.694,audio_features,1fGyzgBaci9CqtB0wv9J82,151213,4
0.339,0.271,9,-12.095,1,0.0316,0.908,0.000152,0.114,0.328,122.16,audio_features,2T21ueBuwMhpDmBiWHLlf7,182240,3
0.859,0.654,9,-6.326,1,0.258,0.57,0.0147,0.498,0.897,94.004,audio_features,4cnqxdE2opmhp7MwkvhkAJ,261773,4
0.778,0.578,9,-7.22,0,0.274,0.432,0,0.138,0.758,84.487,audio_features,2g8HN35AnVGIk7B8yMucww,252747,4
0.607,0.816,0,-6.02,1,0.0306,0.023,1.16E-05,0.136,0.355,121.029,audio_features,4rsW3WCZBGwhHfJWuHRwyT,210173,4
0.472,0.75,10,-10.434,1,0.0371,0.415,0.0206,0.369,0.529,109.251,audio_features,61IBpJ6TymrEwd7bz3oPNp,251640,4
0.957,0.754,11,-11.545,0,0.143,0.000985,0,0.067,0.961,127.861,audio_features,36TBMtrW4x7bHW8LH8rnRr,183627,4
0.389,0.053,7,-20.423,1,0.035,0.966,0.162,0.107,0.0386,137.035,audio_features,7BSMSvK0WxrDeI98bswYa8,174172,4
0.642,0.931,1,-4.142,1,0.0417,0.0131,0.825,0.215,0.548,152.005,audio_features,0t2QiRkpag0fAgs9zuCPlH,284400,4
0.597,0.575,2,-6.665,1,0.04,0.557,0.342,0.254,0.621,122.959,audio_features,6qZjm61s6u8Ead9sWxCDro,211227,4
0.399,0.646,0,-7.574,1,0.0344,0.000349,2.15E-05,0.298,0.0887,117.994,audio_features,738Fi5l5VKKP47ovwsee8E,215590,4
0.7,0.542,5,-11.131,0,0.0469,0.274,0,0.187,0.905,118.481,audio_features,2mhVy5a8BmJ1t3YFk9DlWi,172240,3
0.661,0.953,5,-4.3,0,0.0539,0.007,0.000368,0.368,0.735,128.026,audio_features,13jwhZ34DAFxcLBzuRH8gj,194960,4
0.555,0.572,2,-4.599,1,0.0271,0.0638,0,0.103,0.651,151.2,audio_features,6cLv2V4tjk6CqSdcTgir3I,129500,4
0.684,0.702,9,-8.921,0,0.0605,0.0313,0.89,0.228,0.178,119.976,audio_features,3oQA7hcoD7zArMPLrADBts,284346,4
0.62,0.862,4,-6.474,1,0.0569,0.0124,0,0.16,0.257,110.006,audio_features,2zTDt6NYsuD2YMByY1SJm6,246815,4
0.641,0.744,1,-7.146,1,0.0676,0.0086,0.00204,0.106,0.482,128.014,audio_features,1kNs8ELUmyCOqANApgexVi,188680,4
0.798,0.542,6,-8.818,1,0.0559,0.297,0.0186,0.121,0.881,151.594,audio_features,4LDcpmAfyAI12rvk0x72j9,149787,4
0.653,0.73,5,-10.613,1,0.043,0.0114,1.03E-05,0.0754,0.894,108.705,audio_features,5SZ6zX4rOrEQferfFC2MfP,220400,4
0.46,0.992,4,-3.43,1,0.043,3.30E-05,9.21E-06,0.184,0.777,162.251,audio_features,0E0bZtTG39K95uRjqBo1Mx,184907,4
0.598,0.391,0,-12.274,1,0.061,0.735,0.0489,0.151,0.36,160.42,audio_features,0471UQ2KvOWF0i1fmheJew,244827,4
0.435,0.658,8,-8.179,1,0.0661,0.195,0,0.102,0.184,130.276,audio_features,5prTs2HAw2G4idHZyeFp8o,269787,4
0.637,0.843,5,-5.413,1,0.0432,0.0151,0,0.0876,0.434,109.012,audio_features,7BqBn9nzAq8spo5e7cZ0dJ,220733,4
0.547,0.782,2,-6.283,0,0.0368,0.174,0.908,0.0998,0.243,119.986,audio_features,6vOXtjqThBvqRtP6SV6xuy,329147,4
0.653,0.898,6,-2.946,0,0.0597,0.033,0,0.0483,0.963,144.973,audio_features,3nbi8TqJu1eLHYWJefcJp4,208227,4
0.662,0.663,5,-7.181,0,0.0315,0.0112,0,0.0984,0.579,98.994,audio_features,7nBkRT9hOe8d0ynEPGLi70,193988,4
0.677,0.625,0,-7.608,1,0.0304,0.0748,1.84E-05,0.375,0.493,115.005,audio_features,1BGNt2YYI6RyhizKsQcGHY,203947,4
0.514,0.86,11,-3.788,1,0.047,0.00092,0.257,0.295,0.283,99.855,audio_features,5PXqNBhG5Hlcc9obq4Br8T,201606,4
0.629,0.856,9,-3.673,1,0.0332,0.0505,3.23E-05,0.0584,0.677,129.963,audio_features,7HYIrFlsWTnfDcqYNRpPIP,170769,4
0.565,0.812,0,-5.074,0,0.133,0.00958,0.00271,0.149,0.592,184.09,audio_features,2CbGsldPPNTGvt9HbyNDE0,173973,4
0.424,0.933,2,-6.046,1,0.0979,0.00838,0.00316,0.0649,0.486,165.387,audio_features,2OIjLXIeX47CiRlTPzaCdI,247200,4
0.545,0.729,9,-6.435,1,0.0484,0.000181,0.00297,0.297,0.485,126.069,audio_features,5LvL5RbBga3VAm4qWIi4jM,168928,4
0.482,0.617,4,-12.931,0,0.0458,0.00543,0.000146,0.284,0.718,125.697,audio_features,58XWGx7KNNkKneHdprcprX,252493,4
0.718,0.557,9,-10.679,1,0.0328,0.185,0.707,0.055,0.586,94.095,audio_features,4d4oXk7O2lEhZ83ivV93li,249880,4
0.49,0.797,0,-3.554,1,0.0388,0.25,0,0.0897,0.472,89.989,audio_features,7HY6wU7ZMg1IFa81eSWJAn,157446,4
0.614,0.859,7,-4.995,1,0.0355,0.202,0.0253,0.22,0.714,113.079,audio_features,3Qn3nNH9L3P5DoSbv7YXc1,193227,4
0.548,0.412,2,-7.398,1,0.0736,0.852,0.611,0.0854,0.151,114.928,audio_features,3wrqiZJKMSpLBvgFJfFOp1,183293,4
0.675,0.88,0,-3.186,0,0.0793,0.286,0.0449,0.0567,0.744,180.055,audio_features,0NefQ8Xr3yIFf6UYMifQAT,148121,4
0.884,0.765,8,-3.865,1,0.0882,0.063,7.04E-06,0.118,0.594,99.987,audio_features,41Fflg7qHiVOD6dEPvsCzO,224573,4
0.684,0.448,0,-10.177,1,0.116,0.8,0,0.0933,0.896,170.725,audio_features,2TRt55mhsEEC7tuwE5dQdd,150840,4
0.553,0.657,1,-8.219,1,0.0405,0.335,0.000648,0.228,0.555,107.889,audio_features,15DrrIod12Tc2IoMaHiwlQ,192707,4
0.315,0.901,2,-5.988,1,0.0523,0.644,1.23E-05,0.11,0.821,148.99,audio_features,3LMQJeAFEgwkwHARX3buSn,140980,4
0.735,0.617,11,-6.979,1,0.0277,0.303,0,0.142,0.605,121.999,audio_features,0zmaMRJ2mKNJSP2esc0LJg,168089,4
0.379,0.286,2,-12.211,1,0.0359,0.945,0,0.138,0.248,169.365,audio_features,7Cf0CceaYyvU4vhpGEzNEf,201089,4
0.543,0.256,2,-11.573,1,0.0343,0.854,0,0.149,0.635,134.257,audio_features,1pmYAWY7Kwaj84U3xZxLML,147960,3
0.907,0.682,2,-7.602,1,0.308,0.655,0,0.23,0.763,105.977,audio_features,6tGMpLcoBOg1hbfjlBHQy2,207333,4
0.799,0.63,0,-9.279,1,0.0748,0.0159,0,0.453,0.772,103.647,audio_features,6uQKuonTU8VKBz5SHZuQXD,238800,4
0.754,0.449,4,-14.013,1,0.0615,0.724,0,0.162,0.973,82.751,audio_features,3RNyGLgSvmVRZ7xKUp8Wgd,211880,4
0.756,0.704,9,-7.186,1,0.0583,0.276,0,0.323,0.9,119.926,audio_features,5F6VRkv90KRqoR45qIjVv7,186213,4
0.661,0.195,5,-16.732,1,0.142,0.958,0,0.106,0.595,80.595,audio_features,0mWXrr6HQZUhCQG4JMkT2e,58120,3
0.803,0.725,9,-4.726,0,0.0432,0.462,0.0137,0.46,0.785,109.7,audio_features,3hJLKtTpgct9Y9wKww0BiR,288667,4
0.523,0.423,9,-12.344,1,0.033,0.788,0.00114,0.148,0.377,120.331,audio_features,1nxSCulSg5AtmExqgHPPC0,207573,4
0.711,0.852,4,-3.468,1,0.0458,0.276,0.000899,0.0412,0.974,184.984,audio_features,3TPIwpapmyjvaJGsuLzNXx,201844,4
0.449,0.477,5,-7.594,1,0.0282,0.721,0,0.372,0.269,100.63,audio_features,1yi2B0Ca0Xrob1O4R1uW6Z,168827,4
0.58,0.565,0,-7.065,0,0.0488,0.0671,0,0.135,0.138,112.986,audio_features,7fBv7CLKzipRk6EC6TWHOB,242253,4
0.636,0.731,4,-7.037,1,0.421,0.162,0,0.455,0.61,86.15,audio_features,0XRbYXQUymj9SJkrr8YK5B,262507,4
0.501,0.889,4,-5.175,1,0.0364,0.000147,0.0114,0.217,0.257,133.519,audio_features,57bgtoPSgt236HzfBOd8kj,292880,4
0.572,0.728,10,-8.159,1,0.0584,0.0336,0,0.397,0.398,129.011,audio_features,0xwRjvB4aMN59O1Hk86zIx,133040,4
0.452,0.59,11,-5.486,0,0.0398,0.337,0,0.112,0.107,100.101,audio_features,7rc6L3UtM0uvwfpsl07GBL,228939,3
0.582,0.938,1,-5.73,0,0.0392,0.000744,0.0206,0.0841,0.794,113.994,audio_features,14zhqtMI5xHrfCFCLhFcsn,314487,4
0.589,0.541,8,-10.087,1,0.163,0.122,0.00414,0.0882,0.236,133.97,audio_features,63wKtmUg754umO8SglEL79,184013,4
0.884,0.8,11,-4.785,0,0.0656,0.584,2.58E-05,0.0447,0.728,118.899,audio_features,2Tjsv4lp3s0XC72oIu5qbw,198274,4
0.641,0.294,0,-13.337,1,0.0366,0.554,3.47E-05,0.11,0.89,132.709,audio_features,23knlSaE1nRy1PGdF2gJbN,166533,4
0.747,0.875,1,-5.635,1,0.0282,0.00733,1.10E-06,0.184,0.913,115.967,audio_features,2rbSoIg8MIfFiGcH1abcKD,185640,4
0.859,0.56,1,-7.249,1,0.201,0.0529,0,0.114,0.625,142.04,audio_features,6ApJN7sbsgAKwO29JbSLiK,205879,4
0.62,0.642,9,-9.868,1,0.0362,0.293,0.000211,0.0685,0.827,169.784,audio_features,0LN78RmoEGKQR5t9ZAdyCi,197293,4
0.636,0.836,8,-3.004,1,0.0427,0.00609,0.000157,0.0828,0.715,139.956,audio_features,4qRaZYiaOsSvWC7VgcxrI0,193253,4
0.737,0.841,7,-4.516,1,0.0476,0.0259,0,0.672,0.77,127.999,audio_features,4eE21980kRW4k4oHRQciCK,195236,4
0.515,0.752,9,-1.853,0,0.0336,0.00207,2.50E-06,0.129,0.503,83.541,audio_features,7aO35V27YDi4hKOL9odSya,324787,4
0.511,0.291,3,-10.854,1,0.0286,0.784,0.149,0.114,0.403,87.969,audio_features,1idBirsBGvCMsLvv4cTv7k,196747,4
0.433,0.752,9,-8.365,1,0.113,0.0116,0.000667,0.59,0.362,122.901,audio_features,7F0dwqgKzlaIRrngChBRAc,254840,4
0.612,0.6,9,-10.945,1,0.0327,0.15,3.04E-06,0.222,0.471,111.203,audio_features,1A2PWRltFrX8iB8IP3CUgo,251800,4
0.628,0.545,7,-11.323,1,0.0302,0.351,0.0502,0.128,0.311,113.448,audio_features,5WUI5cKpXoJ4djU6QGAZ3M,189413,4
0.69,0.593,6,-7.031,0,0.0916,0.0722,0.00328,0.0869,0.54,125.028,audio_features,4hRsoYXGTc0G96jkrRlulM,123529,4
0.622,0.237,0,-16.033,1,0.0516,0.766,0,0.0714,0.715,87.976,audio_features,4KtGYPpGg6EQrtJPOHz6s9,116067,4
0.883,0.963,0,-4.62,1,0.195,0.00353,0.45,0.096,0.242,126.997,audio_features,272equSq1pmkiKnOoT52Zd,213947,4
0.491,0.951,1,-3.775,1,0.0465,2.30E-05,0.00354,0.0424,0.555,106.948,audio_features,1tTPC0hsnXq1IGpvWY54JC,269733,4
0.629,0.58,7,-6.208,0,0.0278,0.357,0.000353,0.436,0.655,110.264,audio_features,7KX65PC1UZuImsUInThbav,210300,4
0.669,0.714,4,-5.745,0,0.0708,0.254,0,0.14,0.679,82,audio_features,0nsKoWy8A9dVnvJM14vABx,181646,4
0.474,0.532,11,-11.141,0,0.0432,0.00386,0.27,0.0805,0.0414,151.982,audio_features,2AsIm3Hr3GS4P4nntYSs2Q,260613,4
0.555,0.86,0,-4.724,1,0.0243,0.0199,0.011,0.327,0.613,104.015,audio_features,2gNRPDHT9jw2fIKLRpLgT9,224653,4
0.704,0.234,8,-21.506,1,0.0322,0.717,0,0.0642,0.742,102.423,audio_features,0sLeL8h8khqsUn3fjKPUZa,126493,4
0.631,0.706,7,-7.289,1,0.0486,0.000561,0.00613,0.0765,0.672,160.62,audio_features,41LeChQjh5J0YN2pSdH9dg,212743,4
0.663,0.522,1,-8.741,1,0.0374,0.392,5.41E-06,0.197,0.301,99.765,audio_features,38ydcsbayM4oX21Hhu84DT,262520,4
0.515,0.281,1,-7.845,1,0.0264,0.972,0.00949,0.108,0.105,98.251,audio_features,7GswgLLrtSouvDcIHyqmbE,219682,3
0.469,0.788,4,-8.356,1,0.0955,0.316,0,0.0988,0.685,141.768,audio_features,75pTbAqnw5kKRJ5En420Xt,186000,4
0.235,0.977,6,0.878,1,0.107,0.00353,0.00604,0.172,0.241,152.952,audio_features,00sydAz6PeOxYzwG1dRIPi,208133,4
0.535,0.424,9,-7.491,1,0.0314,0.626,0,0.191,0.539,97.506,audio_features,02KpkaZbiutsR0ucxce4Sh,127733,4
0.859,0.839,1,-4.266,1,0.176,0.0344,1.35E-06,0.0328,0.676,100.754,audio_features,4HF1f5quZSXeq7eoCDxyBJ,283227,4
0.692,0.18,2,-14.932,1,0.035,0.829,0.00743,0.134,0.453,104.597,audio_features,6Sr2e5J7WnRJ7sLpUpyie9,183373,3
0.714,0.724,4,-8.488,1,0.042,0.55,0.101,0.826,0.802,111.173,audio_features,1OmKo4t4Bh95xQI6WGiUR3,153107,4
0.526,0.862,2,-6.003,1,0.0905,0.0144,0.0597,0.229,0.528,90.052,audio_features,0fYVliAYKHuPmECRs1pbRf,195200,4
0.724,0.453,8,-9.935,1,0.0682,0.0556,0.00475,0.139,0.0584,97.987,audio_features,3VsO93WNZgoQmEewXsGI9S,190517,4
0.379,0.921,2,-3.271,1,0.0571,0.0129,2.21E-05,0.376,0.781,149.866,audio_features,2hslxP9V2hnR0mZ5Q8OYTF,137641,4
0.849,0.823,4,-4.563,1,0.0441,0.0567,0,0.0855,0.846,135.929,audio_features,2Bb3mu3lfUrcRoTi3IcvQc,241898,4
0.888,0.581,11,-7.631,0,0.172,0.04,0.000221,0.0788,0.798,117.039,audio_features,4Egb5xP6cniUx0kgZd5zLB,159800,4
0.612,0.675,9,-15.995,0,0.0398,0.0234,1.00E-05,0.0471,0.883,150.058,audio_features,7L2eFj0KFJDmHTPMUL4ZxR,348333,4
0.537,0.645,10,-5.813,1,0.209,0.0482,1.04E-06,0.183,0.565,120.702,audio_features,6L7QZ5o01KYzYfzYUnOjmF,141587,4
0.626,0.932,7,-4.854,0,0.0338,0.00232,0.00287,0.0934,0.605,112.94,audio_features,4m2vO7WBhzhpRGFLianqhf,164602,4
0.611,0.386,5,-11.921,1,0.0396,0.762,0,0.464,0.889,116.125,audio_features,2PNBLcmRZn83z6MjhYynQC,126907,4
0.602,0.522,10,-9.031,1,0.0285,0.386,1.44E-05,0.0941,0.36,136.637,audio_features,3gdewACMIVMEWVbyb8O9sY,281613,4
0.536,0.721,10,-6.44,0,0.386,0.062,0,0.824,0.393,117.139,audio_features,61QSuw5VlC0LTS8WMO356g,191942,5
0.483,0.639,8,-10.057,1,0.0749,0.363,0.93,0.117,0.593,159.296,audio_features,6K8EJpcunpBIckSUrtGCcX,223573,4
0.62,0.807,1,-5.526,0,0.032,0.00496,0.00243,0.162,0.529,75.979,audio_features,0Se1ajfYEa51gkPKV5UgLV,195320,4
0.612,0.842,4,-11.74,1,0.0294,0.0291,0.0893,0.292,0.967,146.22,audio_features,6ZAwEE4kTdtvyE66iRhFxR,220733,4
0.776,0.78,10,-4.374,0,0.128,0.0622,0,0.081,0.666,124.949,audio_features,0pqnGHJpmpxLKifKRmU6WP,204347,4
0.381,0.683,6,-4.05,0,0.104,0.541,0,0.147,0.597,138.169,audio_features,1EZfCViOJ9XKFbwX8FkZUF,192720,4
0.825,0.663,2,-9.414,1,0.0687,0.423,0.415,0.286,0.417,116.051,audio_features,4TNFLwe6DhtR3Wn1JKMqMJ,248987,4
0.824,0.656,2,-9.432,1,0.0704,0.388,0.506,0.253,0.418,116.068,audio_features,5JdLUE9D743ob2RtgmVpVx,249533,4
0.706,0.0856,11,-14.898,1,0.0437,0.982,0.000344,0.106,0.184,131.355,audio_features,6oqlWkAUCqBXjvorIRSm54,180419,4
0.811,0.691,2,-7.88,1,0.0452,0.111,0.00483,0.181,0.84,130.007,audio_features,3f2k8op0nWDoZM4pXim6wG,238387,4
0.571,0.658,9,-7.061,0,0.0559,0.127,0.000223,0.76,0.505,90.074,audio_features,6FhQ6UH6m0mlXRLFiyehFR,229667,4
0.615,0.44,9,-8.925,1,0.0328,0.117,0,0.103,0.648,166.883,audio_features,52vpwwKa8qFP1WDIsky1xT,178000,4
0.62,0.468,4,-9.099,0,0.0794,0.125,0.000723,0.306,0.678,138.546,audio_features,4buZE2oO7R4uSEp31iNgNO,168427,4
0.441,0.379,2,-9.545,1,0.0449,0.968,0.262,0.639,0.105,174.118,audio_features,0QZ5yyl6B6utIWkxeBDxQN,208227,3
0.625,0.442,5,-9.069,1,0.225,0.835,0.0098,0.144,0.77,174.954,audio_features,37o2wypJyP6rTfTI9rlaVY,134638,4
0.689,0.713,9,-5.493,0,0.0595,0.0749,0.306,0.0567,0.615,156.036,audio_features,7fJozqj7NMdvo0zkcXDbgg,178869,4
0.678,0.357,0,-14.712,0,0.128,0.675,0.00569,0.124,0.0661,113.301,audio_features,5eCkuGPZNl4mISFNPgr3Dd,197773,5
0.529,0.127,11,-16.066,1,0.0274,0.611,0.000109,0.237,0.578,63.05,audio_features,62AuGbAkt8Ox2IrFFb8GKV,203573,4
0.687,0.51,10,-8.501,1,0.0761,0.747,0,0.117,0.666,122.249,audio_features,5CKHhg31HcYYhwUeeGqvhq,188613,4
0.759,0.847,6,-7.595,0,0.249,0.0515,6.02E-05,0.357,0.668,126.047,audio_features,6OkXuvyW9lZ2yKLRPeHzCP,175417,4
0.814,0.481,0,-5.183,1,0.245,0.097,3.83E-05,0.0495,0.193,96.252,audio_features,3ABG1UQTk0eLYUAeWkmfMi,161400,4
0.808,0.973,1,-3.167,0,0.0791,0.00667,0.759,0.37,0.212,104.011,audio_features,2RXhNNWvrRlymJ9AOYQwVT,171923,4
0.565,0.324,4,-9.137,0,0.0342,0.565,2.17E-05,0.381,0.139,77.495,audio_features,1MzaBCyq0TX0ScxSmG6Cd1,241625,3
0.416,0.193,9,-10.394,1,0.0318,0.709,3.64E-06,0.117,0.279,81.16,audio_features,5UFvcTCbp9P057YbRNsJ3U,187157,5
0.636,0.789,10,-4.905,0,0.0892,0.0834,0.000896,0.391,0.4,128.028,audio_features,6LUOMjoORvAkdhBYvESO46,217907,4
0.959,0.625,1,-6.602,1,0.0559,0.169,0.0239,0.0319,0.787,114.016,audio_features,4ooHsDX0LIPHoWrzs0paYX,257853,4
0.633,0.94,0,-7.749,1,0.127,0.403,0.00126,0.0742,0.619,115.328,audio_features,1k8TPFg7q2sXRWIWSxyCgK,85467,4
0.325,0.689,0,-7.338,1,0.0656,0.0136,0.515,0.451,0.747,212.558,audio_features,3FmJAfw1lh4VcmrlXSBrAC,201462,4
0.432,0.27,10,-10.155,1,0.0438,0.835,0.000392,0.103,0.35,130.569,audio_features,27IxBrplo8z9LLPJwBQlXV,185467,1
0.292,0.823,7,-6.763,1,0.0407,0.0117,7.79E-05,0.155,0.244,89.939,audio_features,1qOU8KzFifXE9YrgjVwYvc,275395,4
0.7,0.756,2,-10.714,1,0.0575,0.00182,0.711,0.0575,0.944,114.28,audio_features,1ETZhP9orTkDclKEyt0xqm,386160,4
0.674,0.705,5,-5.335,0,0.0349,0.127,0.501,0.361,0.338,153.951,audio_features,50z0HWJg4sqh7H8JHol9jC,242021,4
0.636,0.849,5,-4.163,1,0.0672,0.00697,0,0.706,0.671,91.671,audio_features,5JCKZcLwTEHKSFiDSojxw7,383573,4
0.307,0.433,1,-10.057,1,0.029,0.388,9.08E-05,0.332,0.224,160.9,audio_features,5MxNLUsfh7uzROypsoO5qe,266960,4
0.773,0.279,8,-12.366,1,0.0544,0.439,0.00629,0.143,0.425,84.979,audio_features,64WPfGe6yuztvBLCV3KUHp,209747,4
0.573,0.739,0,-5.74,1,0.129,0.0285,0,0.111,0.451,97.085,audio_features,42ydLwx4i5V49RXHOozJZq,230227,4
0.863,0.657,7,-7.295,1,0.105,0.264,0.00619,0.0713,0.829,115.958,audio_features,71UXJmNkfsvf9WQnAChwvD,235813,4
0.673,0.902,2,-2.378,1,0.0347,0.0629,0.000174,0.0552,0.521,100.016,audio_features,5Hroj5K7vLpIG4FNCRIjbP,194240,4
0.429,0.363,0,-7.539,1,0.0327,0.338,0.000343,0.128,0.16,75.483,audio_features,7KjfifeaIx10XJTnAgWtlr,183741,4
0.781,0.556,5,-13.067,0,0.0611,0.0661,0.0907,0.0339,0.968,125.999,audio_features,7GK2KVYH8FrTC9zehmjVMd,491933,4
0.687,0.63,6,-10.817,1,0.0389,0.249,0,0.221,0.926,110.051,audio_features,4yQw7FR9lcvL6RHtegbJBh,139733,4
0.822,0.567,7,-9.072,0,0.0382,0.49,0.000929,0.092,0.642,100.062,audio_features,3jWdBRXM2NM3mwWn8DqTYh,195600,4
0.703,0.826,10,-7.179,0,0.0341,0.0322,0.00629,0.179,0.945,103.564,audio_features,3mRM4NM8iO7UBqrSigCQFH,285373,4
0.697,0.665,6,-12.907,0,0.0412,0.0476,0.00665,0.0796,0.485,108.535,audio_features,5UqqOfFa9DYXALpCCF8VwB,289680,4
0.64,0.321,0,-14.604,1,0.0931,0.693,0.0307,0.114,0.177,145.045,audio_features,7wC5eZcFS1Q1BsQ35DU6H4,210376,4
0.712,0.785,5,-6.418,0,0.0386,0.00366,7.00E-06,0.0878,0.975,117.644,audio_features,6wBMTv8yTiNh50fqTkT0JC,247002,4
0.69,0.841,0,-4.831,1,0.0381,0.125,0,0.429,0.85,125.934,audio_features,2ODE3F6bGVC4J8BjipE5uM,181188,4
0.685,0.854,0,-4.778,1,0.0377,0.0958,0,0.496,0.838,125.969,audio_features,6jkAt0O4WmGMbSX42R9eaR,181188,4
0.749,0.856,11,-4.513,1,0.0486,0.0319,0,0.15,0.691,130.013,audio_features,0dd1XRLAniswPymU5Nysjq,179803,4
0.676,0.857,10,-7.141,0,0.0411,0.0532,0.303,0.0887,0.344,108.974,audio_features,6JzaVFAf9FToTBdypDlEgk,284040,4
0.589,0.472,8,-8.749,1,0.0502,0.614,0,0.505,0.898,67.196,audio_features,2EjXfH91m7f8HiJN1yQg97,126267,4
0.521,0.678,10,-10.111,1,0.0516,0.622,0,0.637,0.524,126.535,audio_features,1jHtyhfBZdEw2XWxAkrZ8C,153880,4
0.746,0.713,0,-11.996,1,0.0375,0.118,0,0.0684,0.871,118.964,audio_features,7vJaNv4ItDyYXXCVRJreh6,193853,4
0.968,0.589,11,-7.808,1,0.255,0.0511,0,0.0731,0.268,129.993,audio_features,2qcG0nZ6S3zZV0UrkY5nFo,262308,4
0.547,0.434,2,-10.818,1,0.0768,0.349,0.000359,0.114,0.57,152.913,audio_features,6CTAqGQtAoE5bNqKRHsqRG,174453,4
0.606,0.864,11,-7.504,0,0.0919,0.117,0,0.366,0.579,103.834,audio_features,5YScXJKtefsgdskIy60N7A,278960,4
0.816,0.885,0,-7.288,1,0.0492,0.0231,0.439,0.143,0.458,120.012,audio_features,1VzxOxObWky7lItiPaP9jj,238480,4
0.715,0.823,0,-6.475,1,0.059,0.0109,0.00327,0.332,0.809,90.017,audio_features,7hqkg8RXLmJ5pWHNUOli5C,147333,4
0.421,0.371,0,-9.701,1,0.039,0.985,0.0153,0.351,0.652,103.574,audio_features,73cER0SBGggJuZ9wfnfZmp,310413,4
0.486,0.45,5,-10.298,1,0.0267,0.166,2.06E-06,0.54,0.55,100.456,audio_features,0pQskrTITgmCMyr85tb9qq,254293,4
0.561,0.373,7,-8.588,0,0.033,0.351,1.80E-06,0.133,0.577,146.095,audio_features,7dhmeONijklHJxeCqGfRn1,152000,4
0.478,0.436,4,-12.728,1,0.033,0.827,0,0.592,0.489,108.571,audio_features,1YgQx5vUJnno2ZvRKjhI20,117133,4
0.54,0.75,10,-3.966,0,0.0305,0.00291,0.65,0.185,0.482,144.936,audio_features,1jg3zT2mjohm51ibRBaJe1,242514,4
0.112,0.284,10,-12.572,1,0.0333,0.943,0.000513,0.138,0.086,57.168,audio_features,01URnM2Xw2SAGPZFbfxDda,185853,4
0.583,0.781,5,-5.674,1,0.0428,0.00667,1.95E-05,0.302,0.376,119.98,audio_features,1JHynpUIYvM8X4lpZp0nUj,205840,4
0.651,0.465,4,-7.538,1,0.0328,0.503,0.0455,0.495,0.585,107.75,audio_features,77iRifbhkJGvGBBRNykUwN,197040,4
0.663,0.264,0,-14.571,1,0.0914,0.706,0,0.1,0.657,122.482,audio_features,33jt3kYWjQzqn3xyYQ5ZEh,354533,4
0.435,0.212,7,-15.589,1,0.0317,0.95,0.0681,0.139,0.197,126.718,audio_features,3OlFIbPSJT3pfhAyAMKxpc,205625,4
0.479,0.766,2,-6.909,0,0.0339,0.000233,0,0.127,0.387,129.058,audio_features,39MEncfJrXBaUw3pQnVRV5,208512,4
0.599,0.577,4,-9.323,1,0.0389,0.622,0.363,0.635,0.103,81.412,audio_features,1UYB9P4h5IOor1CGwZfCyK,364333,4
0.266,0.389,4,-13.682,1,0.0305,0.244,1.42E-06,0.0688,0.148,140.243,audio_features,74DrA5fFoGSy4xgkZarZtP,256173,4
0.623,0.32,10,-7.909,1,0.0293,0.625,0,0.0477,0.504,94.271,audio_features,3kwYVS0koX1pz49bGZH21T,129133,3
0.899,0.491,6,-11.043,0,0.258,0.148,3.82E-06,0.411,0.826,107.706,audio_features,4cgodXjv4TfrooNQxvlO4O,287107,4
0.795,0.895,8,-3.998,1,0.14,0.0447,0.0966,0.929,0.726,119.95,audio_features,4q6Q5xd3i4ZIWFs0O7zZek,252998,4
0.635,0.87,2,-4.291,0,0.04,0.0156,0,0.118,0.912,93,audio_features,2OQ6a4CfUeYskpTTgyawyJ,156773,4
0.652,0.969,10,-4.051,1,0.105,0.00464,3.12E-05,0.297,0.185,128.012,audio_features,7tQvWqhMRYbZpSp5NgIG4o,163125,4
0.594,0.889,5,-7.775,1,0.246,0.768,0,0.124,0.8,116.187,audio_features,1zW2csx1vVJrKfvDrFQNVt,221704,4
0.502,0.0615,0,-20.847,1,0.0428,0.991,0.962,0.106,0.34,122.667,audio_features,53nANv9cK63oQlE0vas6qZ,137173,3
0.458,0.618,1,-8.768,1,0.065,0.816,0.0599,0.202,0.834,89.884,audio_features,2gJfekJ1lYzMba4WgbIiDz,157888,4
0.791,0.734,5,-5.464,1,0.0629,0.522,0.00165,0.167,0.962,105.854,audio_features,714hERk9U1W8FMYkoC83CO,244920,4
0.704,0.611,2,-6.112,1,0.0409,0.217,0,0.0812,0.22,100,audio_features,2FY7b99s15jUprqC0M5NCT,189467,4
0.659,0.764,7,-7.635,1,0.176,0.0106,0.874,0.0761,0.551,118.245,audio_features,51ml2bJs9zDLv1PbzNQzPP,293427,4
0.773,0.483,9,-9.303,1,0.0818,0.0166,0,0.0907,0.755,166.116,audio_features,2UsgFoYHuKA7L1VHv3CIzj,114773,4
0.635,0.655,0,-9.521,1,0.0484,0.15,0.553,0.129,0.271,91.026,audio_features,4ZOv9mx6Lz7RRaBFi5UNaE,184000,4
0.876,0.669,11,-6.054,0,0.138,0.163,0,0.185,0.682,124.007,audio_features,00lNx0OcTJrS3MKHcB80HY,213947,4
0.521,0.654,8,-6.993,1,0.0401,0.452,6.12E-05,0.0984,0.125,139.071,audio_features,18DfMhEx4ddoreHrvZDF6Q,268200,4
0.518,0.913,7,-10.616,1,0.0559,0.369,0,0.289,0.774,121.65,audio_features,4ubYnxmt3qW3wZdqMZbqOh,166733,4
0.693,0.866,8,-4.448,1,0.0428,0.0365,0.00112,0.361,0.19,149.946,audio_features,1z3Q0Vv26kdsSc8KshjNWX,224680,4
0.618,0.828,10,-4.513,1,0.0634,0.21,0,0.09,0.84,84.987,audio_features,6JUnflvdkYvbzsp6zWpaCZ,161333,4
0.649,0.863,8,-8.202,1,0.088,0.244,0.802,0.103,0.582,110.027,audio_features,2Y6yBb2KctOmsxRSS8ZaKY,187148,4
0.736,0.479,1,-10.885,0,0.0294,0.645,0.826,0.151,0.513,98.028,audio_features,6drhkuOJp1qekWmTydy0Vt,241400,4
0.445,0.59,9,-6.747,1,0.0258,0.0575,1.08E-05,0.0832,0.334,172.016,audio_features,5LOaKdW9D2Gl9neAN94NbR,237547,4
0.762,0.719,5,-7.071,1,0.0269,0.229,0.0878,0.0906,0.845,114.001,audio_features,2j1aLqsCRdDy16gjjF9ONq,150713,4
0.728,0.689,0,-5.213,0,0.0322,0.262,0.00445,0.131,0.576,94.741,audio_features,3AO3tcnWceXmx6ibWZor5x,194983,4
0.628,0.555,6,-8.718,1,0.0287,0.105,0,0.0707,0.607,106.104,audio_features,64RnIqEMPUPx3MTzPwcfKO,247507,4
0.683,0.633,6,-7.315,1,0.0277,0.00937,0,0.187,0.61,105.989,audio_features,405cG3FGJJdIZ74hPgFOLu,249600,4
0.654,0.122,4,-14.667,1,0.0385,0.931,0.000419,0.264,0.537,91.819,audio_features,1ThNFxHa9upq0VhMFt1o4n,126522,4
0.837,0.492,0,-7.792,1,0.354,0.371,0.0401,0.102,0.417,85.951,audio_features,62DG2XLp9ILE3un60IzAMv,245581,4
0.691,0.716,7,-5.985,1,0.0351,0.0085,9.06E-06,0.263,0.507,112.035,audio_features,5a8RPWgKSmcGBGcffmIrUi,187027,4
0.747,0.877,9,-3.782,0,0.0664,0.0375,0.000833,0.233,0.752,107.991,audio_features,1pjvlYOMIg1NhGQbM6iwrY,166138,4
0.623,0.65,11,-3.786,0,0.032,0.0188,0,0.0687,0.366,112.072,audio_features,2BNQpd87nSv475zdww9K0Z,175223,4
0.488,0.838,5,-5.234,1,0.0886,0.00314,9.14E-06,0.2,0.647,167.895,audio_features,4ArSAPqX8BxSbG5vz6bw2l,160013,4
0.503,0.813,0,-2.939,0,0.0523,0.00992,0.0055,0.12,0.309,90.067,audio_features,72F8BbpqcJzKuLt1Dh06zI,215992,4
0.884,0.677,1,-5.603,1,0.283,0.0778,0,0.0732,0.584,101.868,audio_features,3jagJCUbdqhDSPuxP8cAqF,263227,4
0.644,0.85,8,-7.076,1,0.0365,0.702,0,0.0918,0.773,124.995,audio_features,1HJ4AItKggXkCoi28YuaQt,228480,4
0.546,0.59,0,-11.023,1,0.0456,0.572,0,0.336,0.898,97.964,audio_features,221tRmbW9RRnpjRylBD1Sr,138093,4
0.708,0.627,1,-11.155,1,0.0614,0.0113,3.13E-05,0.338,0.764,107.248,audio_features,3XWgwgbWDI56mf1Wl3cLzb,342360,4
0.69,0.545,9,-5.979,0,0.211,0.283,0,0.481,0.505,72.346,audio_features,5jPoHxIRB1X5QUsL60x8F1,229221,4
0.637,0.904,2,-4.769,1,0.0505,0.0999,8.20E-05,0.138,0.77,108.011,audio_features,5lWRaa0fBxDE5yU91npPq7,209200,4
0.572,0.64,7,-5.62,1,0.029,0.694,1.74E-05,0.21,0.376,111.944,audio_features,7GLvGlqdg2ocugG4G5ih4I,219773,4
0.611,0.602,5,-4.89,1,0.0437,0.000837,0,0.112,0.624,168.154,audio_features,3T4UodGkfZObJ43RtA5KFU,148460,4
0.422,0.449,5,-8.447,1,0.0302,0.151,0,0.21,0.149,108.103,audio_features,6ufGxYHEaHNoF3Wvr3xMuj,126514,3
0.524,0.433,4,-11.204,0,0.0288,0.859,0.657,0.117,0.0383,95.022,audio_features,1Q7u6EOeaDpb5IiVWsf5n8,200089,4
0.681,0.569,11,-10.769,1,0.0295,0.33,0.00038,0.323,0.458,102.402,audio_features,1CM1wOqD2AIjt2MWd31LV2,262773,1
0.587,0.535,5,-6.09,0,0.0898,0.117,6.56E-05,0.131,0.14,159.847,audio_features,0e7ipj03S05BNilyu5bRzt,218147,4
0.559,0.868,5,-5.276,1,0.17,0.0475,0.000176,0.776,0.609,156.295,audio_features,5T8EDUDqKcs6OSOwEsfqG7,209413,4
0.612,0.564,9,-9.417,0,0.0309,0.147,0.211,0.107,0.479,144.062,audio_features,508PACdiJz9qVo2i02YBp5,243170,3
0.781,0.53,4,-14.848,1,0.0685,0.227,0,0.106,0.817,110.157,audio_features,49iHYFjT5yO6WEw6KerX9o,206360,4
0.855,0.624,1,-4.093,1,0.0488,0.158,0,0.0513,0.962,117.959,audio_features,4c2W3VKsOFoIg2SFaO6DY5,180757,4
0.134,0.606,0,-5.179,1,0.0431,0.0114,0.0733,0.0902,0.146,182.2,audio_features,3IA89ROOb6QcQxFkviEs4e,212958,5
0.803,0.338,6,-14.029,1,0.0349,0.196,0.038,0.097,0.912,106.841,audio_features,6PgVDY8GTkxF3GmhVGPzoB,155707,4
0.354,0.14,1,-14.136,1,0.0464,0.962,2.90E-05,0.176,0.194,81.108,audio_features,1KDkSCXJIR4CJaVUK9qP7O,266640,5
0.645,0.358,8,-7.485,0,0.0328,0.735,0,0.11,0.466,84.019,audio_features,5K6dXncIroAF2gvG28ft3U,211452,4
0.502,0.445,1,-9.562,1,0.0688,0.481,0,0.0823,0.939,140.988,audio_features,2ePDfIXoP2HmC1hfsujb2J,145653,4
0.791,0.91,11,-3.105,1,0.0752,0.0499,0.00419,0.0703,0.964,119.947,audio_features,7nMwW8hKct1yCCOpaNmMaY,149400,4
0.517,0.481,0,-7.725,1,0.0962,0.216,0.00146,0.0881,0.339,138.12,audio_features,27tCCThExMJEQh7lMp3Sd4,209912,4
0.533,0.802,11,-6.457,1,0.0298,0.18,0.078,0.844,0.638,144.49,audio_features,47pU4KOn5c10DDFVuNwzU8,328333,4
0.633,0.634,8,-12.115,1,0.0725,0.038,0.0064,0.0385,0.872,100.499,audio_features,1h2xVEoJORqrg71HocgqXd,245493,4
0.775,0.743,11,-5.037,0,0.106,0.115,0,0.123,0.768,104.992,audio_features,05qXhd5dgfDS5mDEf7dbfN,228707,4
0.353,0.927,3,-4.588,1,0.234,0.00811,0,0.244,0.447,140.726,audio_features,0r4pG0uKylHbSmGsHIppJO,177453,4
0.535,0.954,4,-3.83,0,0.0476,0.000133,0.866,0.373,0.836,99.98,audio_features,3cggbJwOjzt4xjuF8Xhrvu,213820,4
0.489,0.866,10,-7.433,1,0.0933,0.753,0,0.876,0.416,138.63,audio_features,2ZNTPtYmAhN9vCwnAgqKn1,268560,4
0.805,0.518,9,-12.802,1,0.0804,0.487,0.853,0.102,0.631,90.52,audio_features,3duV3VHdZHnk6F1DzeqjJf,176627,4
0.599,0.749,2,-3.275,1,0.0279,0.0136,0.000118,0.0711,0.488,82.011,audio_features,3SWqGa1J0M7hSBUDM0KePD,189120,4
0.537,0.7,4,-6.852,0,0.0366,0.142,1.58E-06,0.383,0.695,117.111,audio_features,5AJrhrwz4oSZX2PwwV4qrN,214027,4
0.518,0.261,2,-13.868,1,0.0272,0.755,0.00106,0.144,0.2,73.336,audio_features,2xYQTU2bbg6WVAmpY1eae4,212667,4
0.664,0.858,1,-7.496,1,0.266,0.7,0.0112,0.0968,0.656,173.987,audio_features,1kYFGeEN51u0SgAVOyUJNI,193669,4
0.405,0.277,3,-9.236,1,0.0311,0.872,0,0.0975,0.485,75.205,audio_features,1FUURnDIpUXAsjs8CtFxPv,82853,1
0.733,0.262,11,-12.68,1,0.0302,0.765,0.000417,0.0989,0.595,100.048,audio_features,5XuIEhd5UrsLyWAR6VQIiz,140640,4
0.652,0.275,0,-12.767,1,0.0475,0.632,0,0.287,0.774,153.251,audio_features,4hXAK3mjFVFOOiJQ3rKAXi,130027,4
0.191,0.0356,5,-30.405,1,0.0372,0.862,0.901,0.07,0.316,78.241,audio_features,7c4YhwllN5PBgAo5OEQrw3,156000,4
0.327,0.835,0,-4.952,1,0.0609,0.00192,0.00015,0.167,0.385,171.795,audio_features,16zol4GvHyTER5irYODUk0,194107,4
0.822,0.475,2,-10.641,1,0.278,0.211,5.62E-06,0.218,0.128,140.037,audio_features,22PFIxwK2xtUZaXIGAnVzv,231580,4
0.546,0.511,0,-6.42,0,0.0344,0.00888,0.000167,0.128,0.147,106.072,audio_features,1fGCB6pm1l4Xgk0b6F4Ivi,217138,4
0.663,0.792,0,-5.476,1,0.0311,0.517,0.000139,0.111,0.847,103.009,audio_features,4hepyFFOO9I7oZCNn3T2sz,222613,4
0.482,0.253,2,-12.675,1,0.0389,0.904,0.0124,0.106,0.625,81.691,audio_features,1cEHGBID7A9CTLUKOWVk5h,236820,4
0.689,0.702,6,-5.642,0,0.0261,0.216,0,0.159,0.484,99.031,audio_features,6e40mgJiCid5HRAGrbpGA6,213600,4
0.678,0.956,5,-3.728,0,0.0666,0.0319,0.289,0.144,0.822,124.939,audio_features,6kmib8hwOcr6cOiBFjfq0B,259600,4
0.733,0.744,4,-6.737,1,0.0272,0.117,9.29E-05,0.071,0.59,115.017,audio_features,17axvKNmtC3dbI0ODiNR8b,161908,4
0.38,0.0993,2,-20.567,1,0.0509,0.914,2.32E-05,0.0605,0.44,174.874,audio_features,18GiV1BaXzPVYpp9rmOg0E,165427,4
0.419,0.517,8,-9.368,1,0.0284,0.532,0.0251,0.0785,0.905,145.109,audio_features,7xRemq7GLu0Tbqe9OckG87,186213,4
0.765,0.523,2,-4.333,1,0.03,0.184,3.56E-05,0.132,0.394,104.988,audio_features,1rfofaqEpACxVEHIZBJe6W,217307,4
0.663,0.752,2,-7.87,1,0.199,0.163,0,0.331,0.67,154.047,audio_features,7Aq5aXGd6HJKOrClAXEl1y,204156,4
0.63,0.759,0,-5.148,0,0.0475,0.0154,0,0.0851,0.597,124.24,audio_features,3dtp75StyEK5XeKraS5KiI,200320,4
0.745,0.356,1,-10.425,1,0.0941,0.172,0.00943,0.123,0.607,160.033,audio_features,3kxfsdsCpFgN412fpnW85Y,326933,4
0.534,0.433,5,-12.628,1,0.0357,0.0116,0.0452,0.0667,0.235,117.834,audio_features,31tf1qEai5o5f4r66Kd0pU,379227,3
0.76,0.579,0,-7.374,1,0.0569,0.0129,0.00351,0.106,0.125,100.01,audio_features,4j3GWI86JvSaF0BLdmgcfF,213600,4
0.592,0.691,3,-8.354,1,0.196,0.156,9.78E-06,0.418,0.0796,99.976,audio_features,63SevszngYpZOwf63o61K4,156600,4
0.717,0.754,9,-6.143,0,0.0704,0.196,0,0.468,0.736,89.973,audio_features,3WUiiqaOUI1K6ttDLS2dJ1,191667,4
0.648,0.119,4,-15.306,1,0.0493,0.926,0.000253,0.0912,0.52,91.593,audio_features,7IePvfXR7dqwOeMO5rJ4R8,130450,4
0.376,0.373,7,-9.184,0,0.0305,0.827,0.832,0.15,0.111,116.074,audio_features,0AQqrtK1pULuwZUXhwaaDz,430000,4
0.705,0.918,6,-2.77,0,0.0684,0.04,9.30E-05,0.0803,0.546,92.511,audio_features,6JzE92XrK4atfuEN1YfVvy,207925,4
0.6,0.427,5,-10.311,0,0.0355,0.389,0.894,0.0836,0.135,130.556,audio_features,0syxBXqvW4MhO3yYGcxkuw,110446,5
0.404,0.509,0,-10.731,1,0.0823,0.559,0,0.14,0.808,188.927,audio_features,3rKlYHnRAFogCt0G7pRsOR,179733,4
0.498,0.54,8,-10.441,1,0.0302,0.000499,0.436,0.132,0.0944,100.024,audio_features,4Ol2e0E0S0WJsxLthIggDX,240120,4
0.542,0.578,2,-8.755,1,0.0404,0.00967,5.97E-05,0.0674,0.809,128,audio_features,6HZ67VImxqr8aMBEEhblzf,238907,4
0.446,0.952,6,-5.321,1,0.0523,0.0901,0.0857,0.112,0.624,125.303,audio_features,7snQQk1zcKl8gZ92AnueZW,356067,4
0.454,0.568,0,-6.066,1,0.0317,0.0241,5.21E-05,0.11,0.13,110.047,audio_features,495y8T4aLlEqQ5bbD6howh,239621,4
0.672,0.655,10,-5.021,0,0.0311,0.0362,0,0.117,0.556,134.945,audio_features,6Qn5zhYkTa37e91HC1D7lb,201240,4
0.624,0.788,6,-3.627,0,0.306,0.000127,0.0312,0.0645,0.557,180.045,audio_features,1FLwQB66bagTHcJOUkS1HD,244000,4
0.645,0.821,1,-4.912,1,0.248,0.106,5.38E-05,0.127,0.682,79.986,audio_features,6qxQLXOAboXpXHcHTMYC1K,185867,4
0.701,0.477,2,-15.382,1,0.0336,0.202,8.23E-05,0.12,0.964,122.202,audio_features,4ClZ3sibfn4x6mApsqNvyq,175333,4
0.587,0.72,7,-7.147,1,0.0405,0.277,0,0.345,0.431,99.053,audio_features,6sonKKZBzf52nzKZzgdxB8,158681,4
0.321,0.0331,10,-30.093,1,0.047,0.872,2.65E-06,0.109,0.182,90.758,audio_features,0DcxLrvPPkOQtytolEC5ZI,105440,3
0.649,0.878,5,-7.754,0,0.0428,0.277,0.154,0.424,0.645,109.984,audio_features,3FJgTJCXXV2CjURjdNq1DP,196053,4
0.585,0.925,11,-3.008,0,0.0895,0.00145,0.000233,0.214,0.474,139.987,audio_features,0yivszjRaLBArEBap0AuHp,198000,4
0.62,0.743,0,-6.382,1,0.175,0.000561,0.00354,0.353,0.567,188.037,audio_features,5zbtiu1u9ysgafBbIZRyhE,197706,4
0.775,0.796,8,-5.674,1,0.193,0.00902,0.011,0.447,0.676,124.063,audio_features,2Ukcleh29HsCl9wVPwlc0i,145887,4
0.848,0.598,2,-3.668,1,0.0917,0.0798,0,0.0952,0.568,118.049,audio_features,0Tk9JDfXhwfV96AX2xzSN7,195233,4
0.527,0.668,2,-7.652,1,0.0314,0.594,0.809,0.056,0.25,100.994,audio_features,6xjsrtaAdf7CrZ4u3IaZ18,228039,4
0.756,0.816,2,-7.793,1,0.0837,0.00209,0.000464,0.058,0.675,112.02,audio_features,5ydrHf6fTQPKxGP9uMSzr9,126696,4
0.567,0.579,0,-12.565,1,0.029,0.38,2.80E-05,0.0562,0.92,109.84,audio_features,6OojY4NdPiEGWHV2EUSwHz,209133,4
0.448,0.237,0,-15.238,1,0.0356,0.0164,0.0316,0.115,0.156,64.083,audio_features,3mQFz3JsedmdiIZke0nxPB,165067,4
0.57,0.901,11,-3.985,1,0.055,0.00466,3.03E-06,0.128,0.947,137.995,audio_features,2UH4rbT5WrO2sDCanZI0vX,231893,4
0.829,0.748,1,-3.614,1,0.124,0.217,0,0.204,0.324,90.013,audio_features,3Of77FYMTeIucSWOnOvAkH,262698,4
0.616,0.702,3,-6.844,0,0.0389,0.501,0.969,0.339,0.108,119.991,audio_features,7bzks4LGpQUuPKBzJ6iQ7y,274387,4
0.741,0.93,11,-3.43,1,0.0427,0.00755,0.00373,0.285,0.554,129.004,audio_features,5fxOsDuPYQjHt21zpfKtG3,218605,4
0.559,0.92,1,-8.706,1,0.101,0.00101,0.818,0.0844,0.383,119.996,audio_features,5Yql4ooghbDqwXIvCGXsdx,326800,4
0.601,0.643,2,-5.828,1,0.0314,0.112,0.00209,0.088,0.552,128.262,audio_features,0Y2SrByf4G3kbq2nBEHQRn,239600,4
0.647,0.564,11,-9.926,0,0.0619,0.65,0.276,0.118,0.316,116.933,audio_features,20U8WIEwVUo5jRqIAhgsYb,180513,4
0.747,0.845,1,-6.977,0,0.052,0.00597,0.000742,0.0594,0.97,145.975,audio_features,52qgMWZtQRIMpC4m8tyadX,134795,4
0.66,0.216,2,-13.975,1,0.0339,0.44,0,0.115,0.889,81.164,audio_features,3v7WoTaks1Ydm4eSyxzcu1,68387,3
0.881,0.203,8,-14.658,1,0.128,0.889,0,0.0943,0.774,126.894,audio_features,1OPwVI8wf3VEjbbvfDleJE,193960,4
0.906,0.888,1,-8.48,0,0.0431,0.017,0.0109,0.274,0.888,119.941,audio_features,00NrOPh1j8PP1j7zS9QfZM,146000,4
0.847,0.809,7,-2.075,1,0.0647,0.0973,0.0024,0.346,0.912,128.075,audio_features,7v5fIXqgB0nd5KgekRDe4M,208333,4
0.652,0.746,8,-4.62,1,0.107,0.0177,0.00044,0.0734,0.894,165.861,audio_features,6SzbbQUOx85hxpqsesoMfx,228118,4
0.755,0.463,7,-8.374,1,0.0247,0.374,0,0.0575,0.764,109.974,audio_features,1Ym1iazLFj6sysHoAX6Px3,208760,4
0.526,0.125,4,-14.848,0,0.0436,0.87,0,0.119,0.394,123.687,audio_features,48Mx6EFTaVF0meAMUfEWgG,159560,1
0.689,0.412,7,-7.523,0,0.0301,0.488,0.00016,0.0659,0.537,126.754,audio_features,0lsRatBUs9HNIZAmoGABzk,184060,4
0.646,0.877,9,-5.116,1,0.0545,0.0859,0.00197,0.335,0.938,137.991,audio_features,1kcHnXfWXWzYP14kcG5NfK,187185,4
0.612,0.839,10,-6.841,0,0.0324,0.0446,0.0504,0.105,0.389,135.061,audio_features,4LDOAbqOhaAcY5ccwfIlJL,269103,4
0.637,0.916,7,-6.95,1,0.0458,0.0139,2.27E-05,0.21,0.506,114.987,audio_features,1mrSHPNTDdMkXpR4BiSiD7,247173,4
0.873,0.464,6,-10.858,0,0.0548,0.0408,0.0326,0.0616,0.566,99.121,audio_features,4sutLmjkVKRN6pOAMo2joC,227867,4
0.889,0.565,7,-7.395,1,0.238,0.241,7.65E-06,0.109,0.599,110.033,audio_features,3oIEqAGvOkF8IIJvAO3w39,176727,4
0.423,0.681,10,-9.756,1,0.0397,0.0592,0.000177,0.0889,0.559,110.461,audio_features,7AzFID6u1b3zIWbd9pb8Dk,160307,4
0.709,0.854,10,-4.371,1,0.0326,0.481,0.000129,0.301,0.895,135.097,audio_features,5akXAXqDNFpIUd4rHHTM7l,172508,4
0.471,0.408,3,-6.675,0,0.0316,0.851,0,0.129,0.324,112.75,audio_features,5BBBHw5jtqM7PPNK2g3ug7,204867,4
0.584,0.367,6,-9.638,0,0.0328,0.55,1.38E-05,0.0818,0.588,120.175,audio_features,1JO1xLtVc8mWhIoE3YaCL0,176293,4
0.543,0.0384,10,-22.04,1,0.0715,0.993,0.873,0.139,0.502,113.099,audio_features,5iEoay7Rd1EQFz1hJc8hRc,219557,4
